,KD_pred
0,0.97095066
1,0.9833909
2,0.7879841
3,0.9967501
4,0.84142673
5,0.808501
6,0.23601405
7,0.9253816
8,0.64999056
9,0.9658313
10,0.5962978
11,0.9852073
12,0.065551005
13,0.97879803
14,0.9945608
15,0.9505179
16,0.9802561
17,0.9671773
18,0.86419046
19,0.9314011
20,0.80460757
21,0.8552905
22,0.88598156
23,0.9716318
24,0.9756855
25,0.98445165
26,0.9950664
27,0.9109421
28,0.57938606
29,0.90043765
30,0.6967358
31,0.9142343
32,0.962331
33,0.9815726
34,0.99301964
35,0.98862886
36,0.97623086
37,0.85277027
38,0.17094813
39,0.9953191
40,0.97124654
41,0.8786725
42,0.3550203
43,0.9485604
44,0.89351183
45,0.9968581
46,0.7543483
47,0.8013979
48,0.9875893
49,0.9356521
50,0.8455499
51,0.0909111
52,0.8384244
53,0.721934
54,0.88279366
55,0.7938764
56,0.6369175
57,0.771535
58,0.9452465
59,0.7479732
60,0.7934122
61,0.8035264
62,0.55980796
63,0.9789251
64,0.99385995
65,0.9992591
66,0.89076436
67,0.9541895
68,0.8465459
69,0.98678607
70,0.22864754
71,0.22543424
72,0.6326165
73,0.93559086
74,0.944295
75,0.94370735
76,0.9080303
77,0.97849464
78,0.96668863
79,0.9957022
80,0.6968788
81,0.67446
82,0.75867546
83,0.97273105
84,0.82994914
85,0.9701174
86,0.9805195
87,0.97820336
88,0.4640535
89,0.9911159
90,0.97582054
91,0.9719405
92,0.92270035
93,0.34234864
94,0.8717127
95,0.9844014
96,0.7597943
97,0.87787485
98,0.988503
99,0.7941853
100,0.9833492
101,0.642952
102,0.98874694
103,0.9949605
104,0.9383968
105,0.34245795
106,0.09882708
107,0.993716
108,0.9549882
109,0.9289504
110,0.9704201
111,0.99810064
112,0.91284865
113,0.99351895
114,0.8835617
115,0.9587473
116,0.088517405
117,0.1496169
118,0.8525182
119,0.92456174
120,0.47015682
121,0.7529394
122,0.9913733
123,0.63320255
124,0.9904224
125,0.93480676
126,0.9881685
127,0.92631793
128,0.77335525
129,0.5506283
130,0.8597613
131,0.93330276
132,0.99082506
133,0.8766051
134,0.96390784
135,0.8679663
136,0.9904955
137,0.9856781
138,0.9886582
139,0.91493523
140,0.94139
141,0.8760277
142,0.9672423
143,0.671286
144,0.0907554
145,0.97484225
146,0.3485041
147,0.32222596
148,0.8828188
149,0.9852699
150,0.88368046
151,0.41902262
152,0.77729094
153,0.82426965
154,0.73937804
155,0.57342136
156,0.99885124
157,0.6540998
158,0.93271077
159,0.23493391
160,0.38652143
161,0.94892305
162,0.8891314
163,0.9414248
164,0.8549538
165,0.98021686
166,0.99339116
167,0.99164414
168,0.9945109
169,0.9997126
170,0.358936
171,0.94280946
172,0.8703067
173,0.9934672
174,0.9860248
175,0.9751137
176,0.9947347
177,0.9333522
178,0.6895682
179,0.9784403
180,0.925881
181,0.9980709
182,0.5855202
183,0.9701752
184,0.94101375
185,0.9486003
186,0.95021045
187,0.7860301
188,0.91164154
189,0.6363492
190,0.9809356
191,0.9519569
192,0.9181135
193,0.89221084
194,0.86448807
195,0.14878048
196,0.8550714
197,0.7999497
198,0.6825904
199,0.9910481
200,0.24194235
201,0.8557845
202,0.9945659
203,0.07287027
204,0.97179556
205,0.99909407
206,0.96522963
207,0.45862445
208,0.3676964
209,0.91271025
210,0.94693476
211,0.99857426
212,0.9880439
213,0.9504031
214,0.92164665
215,0.87720436
216,0.263726
217,0.95656073
218,0.8956443
219,0.74187535
220,0.17105976
221,0.9697271
222,0.98785245
223,0.5847004
224,0.1601504
225,0.867922
226,0.9683784
227,0.98965293
228,0.9986287
229,0.6601053
230,0.27814507
231,0.95440984
232,0.98787636
233,0.9851669
234,0.6027815
235,0.41271195
236,0.16464065
237,0.89583397
238,0.5502155
239,0.16846398
240,0.9858845
241,0.9262368
242,0.9963329
243,0.99384665
244,0.9400183
245,0.92748046
246,0.9558957
247,0.48940566
248,0.98800784
249,0.99666244
250,0.8586693
251,0.99631345
252,0.9203294
253,0.007505326
254,0.66116834
255,0.98624974
256,0.78458744
257,0.89196557
258,0.82788765
259,0.95215905
260,0.93282086
261,0.9958877
262,0.5670147
263,0.38454282
264,0.98073906
265,0.9770541
266,0.898427
267,0.8514955
268,0.84636873
269,0.8751738
270,0.962516
271,0.9791435
272,0.65792614
273,0.8934305
274,0.6389201
275,0.33964854
276,0.90618634
277,0.6753651
278,0.88341844
279,0.8708296
280,0.9929609
281,0.99057126
282,0.97860307
283,0.44632223
284,0.98506886
285,0.98146325
286,0.31450772
287,0.9869679
288,0.992253
289,0.9358944
290,0.8545433
291,0.8292789
292,0.8809183
293,0.9603587
294,0.98796546
295,0.9710898
296,0.9202721
297,0.9650154
298,0.9964007
299,0.8834655
300,0.83576643
301,0.9255949
302,0.5890776
303,0.53245735
304,0.92923874
305,0.37356424
306,0.98017615
307,0.6802061
308,0.963512
309,0.9681427
310,0.65473294
311,0.9916814
312,0.9994492
313,0.73290354
314,0.8783849
315,0.8005533
316,0.93744385
317,0.9228674
318,0.7327067
319,0.84151393
320,0.97862554
321,0.81186205
322,0.6434994
323,0.20765767
324,0.34044257
325,0.793877
326,0.9948231
327,0.8315782
328,0.99437433
329,0.80992675
330,0.8633397
331,0.44142908
332,0.9516868
333,0.7443446
334,0.9713172
335,0.93898994
336,0.9802574
337,0.9458791
338,0.67083526
339,0.67686397
340,0.989638
341,0.9976227
342,0.7428283
343,0.8572477
344,0.86760044
345,0.6363316
346,0.57319933
347,0.9786287
348,0.942731
349,0.8121847
350,0.06950703
351,0.98420787
352,0.7235625
353,0.97131443
354,0.9959979
355,0.98670846
356,0.91808397
357,0.0047392943
358,0.773949
359,0.8269648
360,0.811896
361,0.79000854
362,0.9716258
363,0.9867235
364,0.91803765
365,0.9593816
366,0.82249194
367,0.9703052
368,0.99337363
369,0.96275514
370,0.98887
371,0.30812836
372,0.9446511
373,0.70263594
374,0.99850947
375,0.024552638
376,0.9100508
377,0.99986863
378,0.9901117
379,0.97689235
380,0.8988754
381,0.99631155
382,0.9803114
383,0.9983048
384,0.58281016
385,0.99548495
386,0.98540694
387,0.8026971
388,0.92681557
389,0.83708173
390,0.76560616
391,0.9758339
392,0.88884234
393,0.99559754
394,0.8781485
395,0.97686756
396,0.88816816
397,0.9958983
398,0.4237556
399,0.6646108
400,0.99440706
401,0.64032567
402,0.7125786
403,0.9474219
404,0.9836217
405,0.9289604
406,0.9920479
407,0.89073664
408,0.9399325
409,0.6886195
410,0.97356856
411,0.83648384
412,0.32517126
413,0.9902576
414,0.33029166
415,0.61779433
416,0.3720777
417,0.45247632
418,0.94547266
419,0.7204942
420,0.87584394
421,0.41360512
422,0.9740271
423,0.864887
424,0.99522656
425,0.9835809
426,0.9808528
427,0.957983
428,0.8978321
429,0.73600185
430,0.89389986
431,0.97235614
432,0.96313226
433,0.8198557
434,0.9274089
435,0.69606996
436,0.9310429
437,0.37967235
438,0.74865955
439,0.7368777
440,0.74175984
441,0.8829568
442,0.9413905
443,0.86512524
444,0.98047084
445,0.8880589
446,0.79501635
447,0.82957727
448,0.5178297
449,0.9735631
450,0.3598231
451,0.98856616
452,0.97569853
453,0.663139
454,0.94447154
455,0.9783557
456,0.9091747
457,0.8539267
458,0.16057861
459,0.9440499
460,0.9412734
461,0.9765541
462,0.91037923
463,0.96004134
464,0.9653912
465,0.9947752
466,0.9920974
467,0.98635846
468,0.5503896
469,0.95596707
470,0.9356499
471,0.6441016
472,0.9668096
473,0.9705127
474,0.95134753
475,0.99204946
476,0.9862118
477,0.985854
478,0.8587833
479,0.9864184
480,0.9979411
481,0.97772646
482,0.9409652
483,0.96785027
484,0.9551792
485,0.6314851
486,0.9797553
487,0.8877695
488,0.7778812
489,0.7374535
490,0.32277036
491,0.93597525
492,0.95771366
493,0.9621045
494,0.9922239
495,0.95043415
496,0.9795204
497,0.35737827
498,0.7933138
499,0.99552304
500,0.93972975
501,0.7184573
502,0.9260937
503,0.39738908
504,0.94056934
505,0.0060859653
506,0.89094937
507,0.87890995
508,0.99725753
509,0.8536271
510,0.91729987
511,0.4848138
512,0.00031009392
513,0.000133012
514,0.0054346547
515,0.00017873697
516,0.0004232367
517,0.9779694
518,0.00010034292
519,0.001080394
520,0.0008741482
521,0.06711765
522,0.00026260814
523,0.00030542054
524,0.00020292834
525,0.021234572
526,0.00053332566
527,0.00048591394
528,0.452814
529,0.08493324
530,0.00016775639
531,0.0045012105
532,0.82769614
533,0.24073483
534,0.00020700925
535,0.079080455
536,0.6091901
537,0.06772616
538,0.022262197
539,0.00019139808
540,0.0009989286
541,0.5165062
542,0.0044470895
543,0.37816352
544,0.00082997984
545,0.109034516
546,0.000613838
547,0.004839642
548,0.002809047
549,0.03918068
550,0.071546555
551,0.0022748597
552,0.0003437081
553,0.0026446201
554,0.6065166
555,0.03328804
556,0.0003635273
557,0.9842539
558,0.002966826
559,0.0007856573
560,0.00038164135
561,0.016010506
562,0.32943
563,0.0014889288
564,0.009788895
565,0.01845718
566,0.0063729156
567,0.33906567
568,0.067528285
569,0.00018189373
570,0.08518409
571,0.001794869
572,0.0033847848
573,0.00029864698
574,0.10032432
575,0.111555316
576,0.00045902343
577,0.0004110246
578,0.01666229
579,0.0715237
580,0.60451365
581,0.9855772
582,0.0037772502
583,0.01609962
584,0.00032540972
585,0.08084426
586,0.0008231794
587,0.00039383772
588,0.011480711
589,0.0002592954
590,0.9773885
591,0.6429428
592,0.017545195
593,0.0064854673
594,0.0002384751
595,0.00027353695
596,0.00029726952
597,0.00086908165
598,0.013458415
599,0.23326893
600,0.0005267529
601,0.0026577902
602,0.8748737
603,0.8562909
604,0.0008823318
605,0.0038259772
606,0.004392001
607,0.19218461
608,0.076852605
609,0.000312432
610,0.009706363
611,0.0009407422
612,0.045681138
613,0.00092566584
614,0.20732154
615,0.8393104
616,0.0004705873
617,0.47854033
618,0.6221284
619,0.06201946
620,0.0016369701
621,0.00031809567
622,0.24323031
623,0.0007272284
624,0.05532132
625,0.94819176
626,0.14360653
627,0.95809823
628,0.03603254
629,0.00015164459
630,0.6787357
631,0.8042729
632,0.023907494
633,0.00034309892
634,0.7876843
635,0.00028504274
636,0.003600971
637,0.0014030093
638,0.027272355
639,0.11067636
640,0.001528374
641,0.08221237
642,0.00013039313
643,0.0013951974
644,0.15696426
645,0.00045250973
646,0.06339459
647,0.002746846
648,0.24573424
649,0.030284524
650,0.005751214
651,0.0006216508
652,0.01485186
653,0.18262762
654,0.0027273202
655,0.0124658905
656,0.63640094
657,0.00033813785
658,0.67641455
659,0.016633905
660,0.0014649146
661,0.3266131
662,0.00812195
663,0.1193121
664,0.0015475787
665,0.039545555
666,0.07158201
667,0.90171534
668,0.0067696646
669,0.8464739
670,0.031145971
671,0.0016106333
672,0.00021338624
673,0.0003424978
674,0.7576578
675,0.26473802
676,0.005678961
677,0.00041120546
678,0.01086877
679,0.08966178
680,0.8730962
681,0.8279024
682,0.0017780929
683,0.00034629556
684,0.638141
685,0.00039422902
686,0.82764363
687,0.00011263916
688,0.9512859
689,0.018931486
690,0.00074891595
691,0.06178739
692,0.00021896137
693,0.11870206
694,0.92102885
695,0.60895383
696,0.27915943
697,0.0011561795
698,0.2917375
699,0.00079264346
700,0.9349287
701,0.19381453
702,0.00028045793
703,0.7834721
704,0.7548037
705,0.05093666
706,0.0076663066
707,0.3506108
708,0.0009796905
709,0.003850243
710,0.00285069
711,0.30816397
712,0.00089775753
713,0.0003012119
714,0.100096405
715,0.97634596
716,0.0004942557
717,0.0036486967
718,0.55655396
719,0.5850804
720,0.0018292728
721,0.56222856
722,0.64917535
723,0.20889133
724,0.00040025378
725,0.51428777
726,0.19097325
727,0.0010785183
728,0.0012575021
729,0.18087545
730,0.018392963
731,0.003299432
732,0.0022954643
733,0.010608098
734,0.00013324126
735,0.6602381
736,0.22484903
737,0.31427175
738,0.009527586
739,0.0014862402
740,0.9837218
741,0.4834591
742,0.8124763
743,0.093558654
744,0.00012415939
745,0.00020754841
746,0.027991265
747,0.0011814565
748,0.03312927
749,0.019276952
750,0.008389651
751,0.13466294
752,0.66248727
753,0.0035811546
754,0.03451466
755,0.40281883
756,0.0011702835
757,0.055310324
758,0.79414374
759,0.38941202
760,0.0003519405
761,0.00073129183
762,0.06316145
763,0.0003016706
764,0.00031880394
765,0.01810381
766,0.00469063
767,0.00042748696
768,0.8302198
769,0.0014240463
770,0.98137957
771,0.0003892028
772,0.022663642
773,0.0044791475
774,0.3749734
775,0.00048958295
776,0.006500767
777,0.98993486
778,0.008047887
779,0.0029737486
780,0.0009894251
781,0.00027450308
782,0.17690094
783,0.00029468333
784,0.011233031
785,0.008476518
786,0.008522755
787,0.00014466209
788,0.6449967
789,0.0997249
790,0.00037961343
791,0.16184607
792,0.0037181461
793,0.007194605
794,0.0005103304
795,0.0031219725
796,0.55207974
797,0.53068936
798,0.7740914
799,9.59742e-05
800,0.40327233
801,0.0010374681
802,0.4811833
803,0.00022265123
804,0.002071217
805,0.07761509
806,0.19257623
807,0.00014581058
808,0.58133715
809,0.0006073105
810,0.00017975373
811,0.0012675946
812,0.009082312
813,0.02316011
814,0.00081784674
815,0.00022182931
816,0.0532898
817,0.0064117094
818,0.0967811
819,0.0036063043
820,0.00032885285
821,0.26991573
822,0.13601215
823,0.018758161
824,0.9322901
825,0.95480305
826,0.04047209
827,0.0016756015
828,0.0012380194
829,0.19250296
830,0.95206493
831,0.00059653743
832,0.0004892649
833,0.9445679
834,0.8193768
835,0.00046176874
836,0.03323949
837,0.005014867
838,0.0017580137
839,0.31081215
840,0.015800059
841,0.29285634
842,0.7926547
843,0.023025837
844,0.04824706
845,0.0012205652
846,0.095633246
847,0.0005463733
848,0.24186514
849,0.10232542
850,0.0039181346
851,0.9287772
852,0.0002540992
853,0.00060842576
854,0.0006197276
855,0.0030702194
856,0.07320533
857,0.022963997
858,0.45442665
859,0.00034218543
860,0.013775263
861,0.00019428725
862,0.5813967
863,0.0015487064
864,0.00442509
865,0.00085124024
866,0.6718051
867,0.16522548
868,0.28635758
869,0.00019269125
870,0.00093432947
871,0.00023877862
872,0.8258796
873,0.0008378649
874,0.02342125
875,0.32429788
876,0.00020818501
877,0.14163683
878,0.0001928254
879,0.013305458
880,0.0022878698
881,0.4990187
882,0.053470165
883,0.37002742
884,0.33226207
885,0.0006351128
886,0.9748306
887,0.0011953494
888,0.0004199954
889,0.0068435664
890,0.007905564
891,0.80632067
892,0.0017336672
893,0.0025171344
894,0.6827128
895,0.002441858
896,0.012270241
897,0.07479868
898,9.811671e-05
899,0.00027126036
900,0.00012315034
901,0.97894996
902,0.17693071
903,0.0013828053
904,0.001581367
905,0.02124161
906,0.005130763
907,0.0004812964
908,0.00046846646
909,0.9651088
910,0.90235233
911,0.0031043496
912,0.00016828474
913,0.85064006
914,0.021035068
915,0.0008924977
916,0.035257295
917,0.10132558
918,0.001821888
919,0.00033006494
920,0.047895834
921,0.00024011849
922,0.0034215588
923,0.06363891
924,0.015360228
925,0.0047730044
926,0.0013389807
927,0.060283672
928,0.005941475
929,0.70098686
930,0.0010183307
931,0.006396777
932,0.10606386
933,0.2816033
934,0.0065301512
935,0.01900123
936,0.002687005
937,0.107672855
938,0.64056015
939,0.000685942
940,0.8796873
941,0.0005580175
942,0.002596459
943,0.0066578877
944,0.0037105898
945,0.0004593105
946,0.0023079542
947,0.0015031183
948,7.8008605e-05
949,0.98055995
950,0.00015961108
951,0.14816368
952,0.00010448317
953,0.0046175644
954,0.0006039062
955,0.1287527
956,0.008602671
957,0.00256447
958,0.00074602966
959,0.33301777
960,0.00024852468
961,0.004383762
962,0.97167724
963,0.141775
964,0.0018526583
965,0.00039404276
966,0.4185014
967,0.922592
968,0.00016298039
969,0.254752
970,0.7427944
971,0.50007695
972,0.91710705
973,0.949446
974,0.2958236
975,0.44945243
976,0.054852486
977,0.8616273
978,0.3210878
979,0.0028053655
980,0.0073451977
981,0.968886
982,0.51909757
983,0.33229226
984,0.9464338
985,0.9660832
986,0.8915697
987,0.959095
988,0.00021597782
989,0.0005276006
990,0.004098833
991,0.0004328186
992,0.00063943607
993,0.0015395861
994,0.00017902796
995,0.009263855
996,0.007884088
997,0.0044665984
998,0.00033060947
999,0.8482406
1000,0.7646822
1001,0.14976463
1002,0.00018140547
1003,0.0001576284
1004,0.0029193885
1005,0.0030989263
1006,0.026564553
1007,0.09768571
1008,0.0024949564
1009,0.00015727301
1010,0.0014069993
1011,0.93484
1012,0.085354194
1013,0.07798876
1014,0.00055368774
1015,0.07155813
1016,0.0005927879
1017,0.011674079
1018,0.0012503976
1019,0.0003924116
1020,0.22156554
1021,0.00025859228
